track_id,text,true_tags,predicted_tags
Yt1czlnCUCg,"This children's song features a male voice singing the main melody. This is accompanied by male and female voices singing backing vocals in harmony. This has a call and response technique where the main voice sings a line followed by the response by the choir. This is accompanied by percussion playing a simple beat. After two bars, the instruments pause. The bass plays the root notes of the chords and sliding to a pause at the end of the bar. During the pause, the voices continue to sing. The main voice sings two lines and the choir sings the third line with the main voice in harmony. The mood of this song is happy. After the pause, the singers return to singing the same melody. This song can be played in an educational movie for children.",male voice,slow tempo; piano; male voice; moderate tempo
uNUx8rqcy0M,The Low quality recording features a reverberant female vocal singing beautiful melodies over widely spread acoustic rhythm guitars chord progressions. It sounds passionate and emotional thanks to that female vocal.,low quality; passionate; emotional,low quality; emotional; noisy; passionate
QrJVAHIkpCo,"The low quality recording features a live performance of a traditional song and it consists of an echoing female vocal singing over breathy woodwind melody and arpeggiated plucked string melody. It sounds passionate, soulful and mystical, even though the recording is noisy.",low quality; passionate; noisy,low quality; emotional; noisy; passionate; live performance; mono
7eZTmLV9gcY,This is an instrumental piece from a soap opera soundtrack. The violin and the acoustic guitar are playing a mellow tune while there is an occasional piano tune in the background. The rhythm is kept by a very quiet acoustic drum beat. The atmosphere is gentle and romantic. This piece could be used in the soundtrack of romance movies where the characters are having a good time in the presence of each other.,instrumental; acoustic guitar; piano; acoustic drums; emotional,instrumental; emotional; slow tempo; acoustic guitar; piano
tmpVzeD_M5s,This clip is an instrumental. The tempo is slow with the sound of an acoustic guitar being tuned. This is a tutorial on how to tune a guitar.,instrumental; acoustic guitar,instrumental; amateur recording; slow tempo; electric guitar; acoustic guitar; male voice; moderate tempo
WNmAlKrAPjQ,"This music is instrumental. The tempo is slow with an emphatic violin harmony, keyboard accompaniment and rhythmic acoustic guitar with female vocalisation. The song is romantic, sentimental, emotional, nostalgic, poignant, charming, dreamy and soft.",instrumental; slow tempo; acoustic guitar; emotional,instrumental; emotional; medium tempo; slow tempo; acoustic guitar
vStedb9LiDk,This is a Somali pop music piece. There are multiple layers of the keyboard providing the melodic structure. The rhythmic structure is provided by an electronic drum beat. The atmosphere is energetic and danceable. This piece could be used in the soundtrack of a Somali sit-com as the opening theme.,energetic; groovy,instrumental; energetic; fast tempo; groovy
51bsCRv6kI0,"The low quality recording features a flat male vocal talking, after which a jazz live performance recording starts playing. It sounds like an interview and the recording is mono and noisy.",low quality; mono; noisy,low quality; noisy; passionate; live performance; mono
WySgNm8qH-I,"The excerpt features three different songs stitched together like a collage. The first one lasts for a few seconds and features a male voice being accompanied by an acoustic guitar, drums, electric guitar and bass. The second one lasts for one second and features a male voice accompanied by drums, bass guitar and electric guitar. After a silence that lasts for a few seconds the third piece of the collage features a male voice accompanied by an acoustic guitar.",acoustic guitar; electric guitar; bass guitar,acoustic drums; bass guitar; electric guitar; acoustic guitar; piano; male voice; moderate tempo; male vocal
-M-6VinyMiY,"The low quality recording features a rock song that consists of flat male vocal singing over sustained and arpeggiated electric guitar melodies, followed by snappy rimshots, soft kick, shimmering hi hats and groovy bass guitar. It sounds emotional and easygoing.",low quality; shimmering hi hats; emotional,low quality; emotional; noisy; passionate; energetic; groovy; punchy kick; punchy snare; groovy bass; happy; shimmering hi hats
OOik9i9wrU8,"The low quality recording features a groovy bass guitar, punchy ""4 on the floor"" kick pattern and tinny percussion. In the second half of the loop the music cuts out and there is a short silence, after which comes the wide, muffled sound effects. At the very end, there is a slow riser, bringing the energy up.",low quality; punchy snare,low quality; noisy; groovy; groovy bass
K-0qmhvJyzE,This is an instrumental kids song. There is a xylophone and a music box playing a cute and cheerful melody. The atmosphere of the piece is cozy and relaxing. This piece could be used as a backing track for a nursery rhyme. It could be used in the soundtrack of a movie targeted at children.,instrumental,instrumental; happy
62L5kn1qFeY,"The low quality recording features a cover of a rock song and it consists of an arpeggiated acoustic guitar melody over which there is a soft female vocal singing. The recording is noisy, in mono and it sounds emotional, soft and passionate.",low quality; noisy; mono; passionate; emotional,low quality; emotional; noisy; passionate; live performance; mono
ZAT2_-x59pY,This audio contains someone playing a rhythm using acoustic drum samples along with synth pad sounds with a lot of reverb creating harmonies and a melody. This song may be playing and producing music at home.,amateur recording; medium tempo,medium tempo; amateur recording; slow tempo; acoustic guitar; uptempo; e-bass
o2bqT0ZTz7E,This audio contains a male voice singing a harmony with another voice both in the mid to higher register. Then a e-piano comes in playing a minor chord. This song may be playing live during a concert.,medium tempo,amateur recording; slow tempo; acoustic guitar; uptempo; piano; male voice; e-bass
EaGhKzpkNso,"A male vocalist sings this simple, peppy melody. The tempo is fast with keyboard harmony, enthusiastic drumming, steady bass line, acoustic guitar rhythm and electronic arrangements. The song is fun, animated, upbeat, catchy, energetic, spirited and vibrant and appealing to children . This song is a Synth Pop/Rock.",fast tempo; happy,passionate; energetic; fast tempo; groovy; happy
Vbx6TFxSPYY,"The low quality recording features a sound of a digital bell, followed by crowd noises in the background. The recording is noisy and in mono.",low quality; noisy; mono,low quality; noisy; mono
OFJG5Wo_knI,"A female singer sings this vocal harmony with backup singers. The song is medium tempo with a steady drumming rhythm, tambourine percussion, groovy bass line and keyboard accompaniment. The song is trance-like and groovy. The song is a modern techno dance with an average audio quality. The song serves as a sound track for a car repairing video.",medium tempo; medium tempo,emotional; passionate; medium tempo; energetic; groovy; poor audio quality
0fqtA_ZBn_8,"The low quality recording features a live performance of a traditional song that consists of fruity male vocals, alongside harmonizing boy background vocals, singing over subtle strings melody and wooden percussion. It sounds passionate, soulful and emotional, even though the recording is really noisy, as it was probably recorded with a poor quality microphone.",low quality; live performance; noisy; passionate; emotional,low quality; emotional; noisy; passionate; live performance; mono; shimmering hi hats
aPafZ1Mx-BE,Singers sing this prayer song in a congregational unison. The song is medium tempo with a heavily distorted harmony section. The song is of very bad quality with humming and whirring noises.,medium tempo; medium tempo,emotional; passionate; medium tempo; groovy; instrumental music; poor audio quality
nL4zx0-mi14,This song is a classical composition played on a harpsichord. This features the notes played on the higher register and the bass notes played on the same instrument. There are no other instruments in this song. This song has no voices. It is an instrumental song. This song can be played to honor royalty.,slow tempo,instrumental; slow tempo; acoustic guitar; moderate tempo
VfEJHqtsuIo,"The low quality recording features an electro song that consists of passionate female vocals singing over punchy kick, synth melody, male chants, snappy claps, shimmering hi hats, followed by echoing flat male vocals. It sounds energetic and exciting.",low quality; groovy bass; punchy kick; shimmering hi hats; energetic,low quality; energetic; groovy; punchy kick; punchy snare; groovy bass; shimmering hi hats
rh2D2OSxyw0,"The low quality recording features an uptempo song, that consists of groovy bass and punchy kick and snare hits, being aggressively scratched by a DJ. It is very reverberant, as the sound diffuses and reflects in the space that the DJ is playing.",low quality; punchy snare; groovy bass; uptempo,low quality; noisy; energetic; groovy; punchy kick; punchy snare; groovy bass; shimmering hi hats
ymuRKv9iJm4,"The low quality recording features a funk song that consists of a groovy bass, shimmering hi hats, punchy snare, claps and wide arpeggiated synth strings melody. It sounds groovy, funky and addictive.",low quality; groovy bass; shimmering hi hats; punchy snare; groovy,low quality; noisy; energetic; groovy; punchy kick; punchy snare; groovy bass; happy; shimmering hi hats
6KqFiP_ux5U,"The low quality recording features a soul song that consists of a passionate male vocal, alongside wide harmonizing female vocals, singing over smooth piano melody, wide sustained strings and subtle, arpeggiated electric guitar melody. It sounds heartfelt, emotional and uplifting - like something you would hear in church.",low quality; emotional,low quality; emotional; noisy; passionate
SLcIv8CNk20,"An orchestra plays a waltz with low strings playing arpeggios and high strings taking the melody. The music has a quaint, lilting feel. There are mechanical sounds in the foreground.",instrumental,instrumental; slow tempo; piano
q-86OQ3HZ4o,"This music is a mesmerising Chinese instrumental. The tempo is medium with a melodious Chinese harp or Guzheng with rhythmic pipa, violin harmony and Chinese percussion instruments. The music is soft, soothing, calming, ethereal, meditative, mellifluous,euphonious and enchanting.",instrumental; medium tempo,instrumental; medium tempo; slow tempo
eISYX9koocM,"The low quality recording features a live performance of a traditional pop song and it consists of an addictive female vocal singing over punchy kick and snare hits, groovy bass, electric guitar melody, strings melody and wooden percussion. There is a short snare roll, right before the bass drops. It sounds messy, a bit harsh, distorted, but also passionate, addictive and energetic.",live performance; low quality; punchy snare; groovy bass; punchy kick; passionate; energetic,low quality; noisy; energetic; live performance; groovy; punchy kick; punchy snare; groovy bass; happy; shimmering hi hats
FENJIDecy5s,This song has a catchy synthesizer bassline that is repeating. The electronic drums are playing a four on the floor techno groove with some tambourines and some processed crash sounds. The elements are gently panned to the left and right side of the speakers. The male voice is rapping over the instrumental while a low pitched vocal sample melody is singing a melody and some pieces of that are also panned to the left and right side of the speakers along with some reverb and light delay. This song may be playing in a club or a beach party.,uptempo,acoustic drums; uptempo; piano; male voice; e-bass
8m-a_6wLTkU,"The low quality recording is a noisy and windy recording that has some asphalt sound effects in it and a wide, happy sounding background song added in postproduction. Sounds really loud and harsh, due to the wind.",low quality; noisy,low quality; noisy; mono
-nlkWWphiaM,"The low quality recording features a live performance that consists of fruity male vocal singing over accordion melody, acoustic rhythm guitar chords and shimmering bells. It sounds emotional and hopeful. The recording is a bit noisy and in mono, as it was probably recorded with a phone.",low quality; live performance; emotional; mono; noisy,low quality; emotional; noisy; passionate; live performance; mono; uptempo; shimmering hi hats
jtwRKyQ8-lg,This is a hip-hop/dancehall music piece. There is a repeating female vocal sample in the lead. The piano is playing the chords of the song. There is a groovy bass guitar in the background. The rhythm is provided by an acoustic drum beat with a lot of rhythmic sound effects applied to give it more of a swing feel. The atmosphere of the piece is chill and urban. This piece could be the opening theme of a sit-com taking place in the big city.,piano; bass guitar; acoustic drums; groovy,acoustic drums; groovy; bass guitar; electric guitar; piano; groovy bass; male vocal
edKvAj0fYxQ,"The Alternative/Indie song cover features an acoustic ensemble that includes acoustic guitar chord progression, still guitar melody and tinny double bass playing it. It sounds narrow due to the fact that it is a mono recording. Everything, including the double bass, sounds kind of tinny and reverberant, because it was most likely recorded with one mono, room microphone. The sound could definitely be better, but it does not fall into the category of a low quality recording.",mono; acoustic guitar,low quality; noisy; mono
8MKemM0h5mE,"The Afrobeats song features a flat male vocal, supported by male ad libs in the right channel of the stereo image, rapping over punchy kicks, muffled claps, syncopated snare hits and pulsating synth pad chords. At the very end of the loop there is a short snippet of groovy synth bass, as the section changes. It sounds lower in quality mainly because of the bad sound selection, as the instruments are too thin and too digital.",punchy kick; low quality,low quality; energetic; punchy kick; punchy snare; groovy bass; shimmering hi hats
u68Ghaf_Phs,"This folk song features a variety of instruments. The main melody is played on a violin, flute and accordion. The double bass plays a running bass pattern. An acoustic guitar strums chords. A hammered dulcimer plays parts that give a percussive feel. There are no voices in this song. This is an instrumental song. This song can be played in a luxurious and lively brunch.",instrumental; moderate tempo,instrumental; slow tempo; acoustic guitar; piano; male voice; moderate tempo
ao-TFiShaWU,"This is an acoustic indie rock piece. There is a male vocalist singing gently in the Thai language. An acoustic guitar plays the main tune while a bass guitar is in the background. There is a piano that starts out by supporting the melody, but then wanders towards off-key notes, creating an air of conflict. The atmosphere is melancholic. This piece can be used in the soundtrack of a drama movie/TV show that takes place in Thailand.",male vocal; acoustic guitar; bass guitar; acoustic drums,acoustic drums; bass guitar; electric guitar; acoustic guitar; piano; male voice; male vocal
TqWmuwAYmnI,"A virtuosic Male yodeler accompanied by an oompah band playing a fast beat and simple chord progression with electric bass, piano, fiddle, and drums. The feeling is manic.",piano,energetic; bass guitar; acoustic guitar; piano
4GlH0-KhInI,This song contains digital drums playing a kick on every beat together with a digital synth bass playing a simple almost monotone bassline. A male voice is singing in a deeper key. This song is running through some filters opening up and with a lot of reverb. This song may be playing while having a car ride.,uptempo,amateur recording; acoustic drums; acoustic guitar; uptempo; e-bass
L3ZtE3rD2nc,"The low quality recording features a buzzy vibrating sound while a rock song on a radio, or some other device that can reproduce music, in the background is playing. The recording is very noisy and it sounds like it was recorded with a phone.",low quality; noisy,low quality; noisy
WxgolzWTmO4,A lot of gun firing can be heard in this recording. In the background strings are playing a melody along with a piano. A male voice is making a sound like being annoyed. This is an amateur recording and the song may be more suitable for a relaxing and sad movie-scene.,amateur recording; piano; male voice,amateur recording; slow tempo; uptempo; piano; male voice
xt6V3Ic72nE,"This is the live performance of a reggae piece. There is a male vocal hollering while a younger sounding male vocal is singing in a Jamaican accent. An electric guitar is strumming chords in staccato while a bass guitar is playing a groovy bass line. In the rhythmic background, there is an acoustic drum playing a reggae beat. The atmosphere is chill. This piece could be played at beach parties and in the soundtracks of summer vacation-themed movies or TV shows.",live performance; male vocal; electric guitar; bass guitar; acoustic guitar; groovy,energetic; live performance; acoustic drums; groovy; bass guitar; electric guitar; groovy bass; male vocal
1FnT0RrfMEA,"This music is a mellow, dulcet instrumental. The tempo is slow with a beautiful violin harmony, piano accompaniment and steady bassline with synthesiser arrangements. The music is serene, calming,soothing, sentimental,emotional, wistful,poignant,melancholic and euphonious. This song is an exquisite middle eastern instrumental.",instrumental; slow tempo,instrumental; emotional; slow tempo
pG6yeC3yUY4,"The song is instrumental. The tempo is medium with a piano playing solo accompaniment with no other instrumentation. Tap dancers tap to the piano accompaniment not perfectly in sync , with a lot of ambient room noises and people talking. The audio quality is very poor in this home video.",instrumental music; poor audio quality; medium tempo; amateur recording; instrumental music,emotional; passionate; medium tempo; energetic; live performance; groovy; instrumental music; poor audio quality
m-eyGzf9Ux4,This is a Christian gospel music piece. There is a female vocalist singing melodically. An acoustic guitar and an electric guitar are playing in the melodic background. The atmosphere is religious. This piece could be used as a background music for Christian social media content.,acoustic guitar; electric guitar,acoustic drums; groovy; bass guitar; electric guitar; acoustic guitar; piano; male vocal
hqQvatf1RUY,A male voice is rapping in a higher pitch while having backing voices creating a harmony. There is some delay in his voice. A synth melody/arpeggio is playing in the middle range getting louder while a warm digital kick sound is holding the rhythm. A cymbal sound is coming in to make it clear that the song will break into the next part. This song may be playing in a music video.,medium tempo,medium tempo; amateur recording; slow tempo; acoustic guitar; uptempo; e-bass
ql7aH8wF6JM,"The music is purely instrumental and it features a 12-string acoustic guitar playing the same note over and over. Since it's a 12-string guitar the note can be heard played twice really fast. I guess a better name would be tuning instead of melody, because it sounds as if the guitarist is trying to tune the 2 strings to play the same note together.",instrumental,instrumental; groovy; bass guitar; electric guitar; acoustic guitar
A4vwbziwPm8,"The low quality recording features a mixed harmonized vocals singing over quiet instrumental playing in the background. It is noisy and in mono, as it sounds heartfelt and emotional. It seems like it is a recording of a karaoke session, considering the volume balance between the vocals and instrumental.",low quality; noisy; mono; emotional,low quality; emotional; noisy; passionate; mono
QHNREJJRTS4,This reggae song features a male voice singing the main melody. This is accompanied by percussion playing a simple reggae beat. The bass plays notes in reggae style. A guitar plays fills in the beginning and in between lines. Hand claps are played in groups of two and one in an alternating pattern. This song can be played in a romantic movie.,male voice; moderate tempo,slow tempo; piano; male voice; moderate tempo
UDN11Q90Fa4,"A male vocalist sings this soft pop. The tempo is slow with a simple piano accompaniment, mellow acoustic guitar and rhythmic Cajun beats. The song is a simple, unaffected, romantic, melodic, sentimental, emotional and pensive Pop.",slow tempo; emotional; amateur recording,emotional; medium tempo; slow tempo; acoustic guitar
sgwvhvkNELc,"A male vocalist sings this spirited song. The tempo is fast with keyboard harmony, piano accompaniment,groovy bass lines, digital drum and synthesiser arrangement. The song is catchy, enjoyable, youthful, energetic and vivacious with recurring and insistent rhythm and a dance groove. This song is a Reggae song.",fast tempo; energetic; passionate; energetic,passionate; energetic; fast tempo; groovy
nBSMh7pgn2o,"Chipmunk style pitched up male vocals over a slow rock drum beat, sliding electric bass guitar, acoustic guitar and bongos. Heavy use of delay on the vocal.",acoustic guitar,acoustic drums; bass guitar; electric guitar; acoustic guitar; moderate tempo; male vocal
KxjiEi2Eywk,"The song is an instrumental. The tempo is slow with a lion playing an emotional solo, string section harmony, strong drumming rhythm and a steady bass line. The song is emotional and inspiring. The audio quality is poor.",instrumental music; slow tempo; poor audio quality; passionate,emotional; passionate; medium tempo; energetic; live performance; slow tempo; groovy; instrumental music; poor audio quality
WoXgPQQjcJU,The low quality recording features a loud didgeridoo modulating low tone. It is in mono and it sounds buzzy and kind of weird.,low quality; mono,low quality; noisy; mono
-4NLarMj4xU,"The Pop song features a soft female vocal singing over sustained pulsating synth lead, mellow piano melody, sustained synth brass, punchy kick, claps. tinny wide hi hats and high pitched female vocal melody. It sounds emotional, sad, passionate and like something you would hear on a radio.",punchy kick; emotional; passionate,low quality; emotional; passionate; energetic; punchy kick; punchy snare; groovy bass; happy; shimmering hi hats
-CUp_Tmg2Y0,"The low quality recording features a drum solo that consists of a double pedal kick, punchy snare, shimmering cymbals and boomy toms. It sounds energetic and manic, thanks to that kick pattern. The recording is mono and noisy.",low quality; mono; noisy; punchy snare; energetic,low quality; noisy; energetic; mono; groovy; punchy kick; punchy snare; groovy bass; shimmering hi hats
bqvl7IbPteU,"This music is an electric guitar instrumental. The tempo is medium with a loud and energetic riff . The audio quality is inferior as it is a Home recording ,which is why the music is boomy and there are sounds of people talking in the background and some static.",acoustic guitar; instrumental; medium tempo; electric guitar; amateur recording,instrumental; medium tempo; energetic; fast tempo; groovy; electric guitar; poor audio quality
CCFYOw8keiI,This is the theme playing in the background of a mythological TV series episode. It is an instrumental piece. There is a brass section playing a loud and dramatic melody. The rhythmic accompaniment is composed of the drums and some sort of big cymbal that is most probably a gong. The atmosphere is dramatic and full of suspense. There is an implied moment of revelation in the scene. The piece could be used in the soundtrack of a mystery movie during a scene where the plot begins to unfold and the secrets are revealed.,instrumental,instrumental
BeFzozm_H5M,This song features synth pads playing one chord in the background. A chord melody is played on the piano. The melody played is sets of two chords being played in a pattern of one high chord followed by one lower pitch chord. This is an instrumental song. There are no voices in this song. There are no other instruments in this song. This song can be played in a meditation center.,instrumental; slow tempo,instrumental; slow tempo; piano; male voice; moderate tempo
Ck_bvV8Aa-k,This is the amateur recording of a jazz music piece performed live on the street. The volume of the recording is quite low. There is a female vocalist singing upfront. The tuba is playing the bass line as an accompaniment to the vocals. The tuba player is playing a minimal acoustic drum kit made up of just a drum kick and a ride cymbal in the meantime. There is a swing feel to it. The quietness of the recording makes it sound like the music is coming from vinyl. It would suit perfectly as a piece in a movie playing on a vinyl record player.,amateur recording; acoustic drums,acoustic drums; groovy; bass guitar; electric guitar; acoustic guitar; male vocal
4M_k01zIbVM,"The low quality recording features a cover of a soft rock song and it consists of strummed electric guitar and mellow electric guitar melody played over playback that has groovy bass, reverberant rimshots, shimmering cymbals and sizzling high pitched synth pad. It sounds emotional, funky and passionate.",low quality; groovy bass; emotional; passionate,low quality; noisy; passionate; energetic; groovy; punchy kick; punchy snare; groovy bass; happy; shimmering hi hats
KxVbdGPAfjE,"This music is a calm Chinese instrumental melody. The tempo is slow with use of traditional chinese string instruments like the Guzheng and Pipa harmony accompanied with violin symphony and chimes. The music is soft, mellow, melancholic, meditative, dreamy, healing and ethereal.",instrumental; slow tempo,instrumental; slow tempo
8q0An6WY7_c,"The low quality recording features a theremin solo melody. It sounds haunting, intense, suspenseful and cold. There are some water flowing sounds in the background. The recording is mono and noisy.",low quality; noisy; mono,low quality; noisy; passionate; mono
2Q20hVyYjBM,"A male vocalist sings this passionate song in Dutch. The tempo is slow with vocal emphasis and an accordion harmony. The song is a simple, narrative, slow Folk song.",slow tempo,emotional; medium tempo; slow tempo; acoustic guitar
CRxIJ7YbcZA,An acoustic drum is playing a simple groove with a strong kick. The e-bass is playing on every hit of the kick together with an e-guitar  strumming a chord. A female voice is singing a slow paced melody. In the background you can hear some maschine sounds and piping sounds. This song may be playing in a James Bond movie-scene.,acoustic drums; e-bass,medium tempo; amateur recording; acoustic drums; acoustic guitar; uptempo; piano; e-bass
ylKvglDzBU4,"The song is an instrumental improvisation. The song is medium fast tempo with a groovy bass line, electric guitar playing, saxophone playing, jazz drumming with percussive hits and a xylophone playing. The song is highly improvisational and energetic. The song is a modern jazz fusion or improvisation jam.",instrumental music; energetic; emotional; passionate,emotional; passionate; medium tempo; energetic; live performance; groovy; instrumental music; poor audio quality
I0skZ6yT36E,This is a Peruvian folk music piece. It is an instrumental piece. There is a violin and a Peruvian harp playing a festive melody. The atmosphere is lively. This piece could be playing from a radio station in a movie that takes place in Peru.,instrumental,instrumental
GglIHiqClGM,"This music is a percussion instrumental. The tempo is medium fast with the drummer playing a groovy beat on the bass drum. The effect is low pitched loud, booming, resounding vibrato. There is no other instrument in this clip, so this could either be a tutorial or an introduction to a song.",instrumental; medium tempo,instrumental; medium tempo; energetic; fast tempo; groovy; electric guitar
YvFY7xU2kGk,"This music is an electric guitar instrumental. The tempo is medium with an enthusiastic lead on the electric guitar.no accompanying instruments are used. The music is loud, emphatic, catchy, intense and powerful like in Rock/ Metal music.",instrumental; electric guitar,instrumental; medium tempo; energetic; fast tempo; groovy; bass guitar; electric guitar
W00eTCOgUNs,"This country song features a female voice singing the main melody. Another female voice sings backing vocals in harmony with the main voice. This is accompanied by percussion playing a simple beat in common time. A guitar strums chords. The bass plays the root notes of the chords. After the voices pause, a guitar solo is played in a repetitive pattern. The mood of this song is romantic. Other instruments cannot be heard due to low quality of audio. This song can be played in a romantic movie.",moderate tempo,slow tempo; piano; male voice; moderate tempo
940MNbCeobw,This is the recording of a cowbell. The cowbell is being played with the side and the tip of the drumstick repeatedly. This recording could be sampled for use in beat-making especially for genres that have a heavy usage of cowbells such as latin dance music.,instrumental,instrumental; male voice; moderate tempo
bNW18IztiZY,"The low quality recording features a trap song playing in the background that contains stuttering snares, scratching effects and male vocals that occasionally change the pitch, while there are male exciting screams, hyping it out. The recording is very noisy, mostly from the wind and it sounds like it was recorded with a phone.",low quality; noisy,low quality; noisy; mono
9Kut4r8hswE,"The low quality recording features an electro song that consists of punchy kicks, crispy claps, male vocal chants and groovy, filter modulated synth bass. There is a short noisy traffic noise at the beginning of the loop. Overall it sounds noisy, groovy and energetic.",low quality; punchy kick; energetic; groovy,low quality; noisy; energetic; groovy; punchy kick; punchy snare; groovy bass; shimmering hi hats
t6XtW3SHQNE,"The song is an instrumental. The tempo is medium fast with three accordions playing in harmony and virtuoso style , guitar strumming and other percussion instruments. The song is highly improvisational and has a bad audio quality with ambient room noises.",emotional; instrumental music,emotional; passionate; medium tempo; energetic; groovy; instrumental music; poor audio quality
Ki7Bxz1CThI,This song features a middle-eastern melody played on a flute. This song has no other instruments. There are no voices in this song. This is an amateur recording. This song can be played at a desert party.,instrumental; amateur recording; slow tempo,instrumental; amateur recording; slow tempo; moderate tempo
nyLpME6YH20,This is a ska punk music piece. There is a male vocalist with a raspy voice singing in the Spanish language. The keyboard and the electric guitar are playing the melody while there is a bass guitar playing in the background. The rhythm consists of fast tempo acoustic drum beats. The atmosphere is lively. This piece can be played at sports venues.,male vocal; electric guitar; bass guitar; acoustic drums,energetic; acoustic drums; groovy; bass guitar; electric guitar; acoustic guitar; piano; male vocal
Or4CALipjig,Someone is playing a melody on a theremin along with acoustic drums holding a groove with 8th notes on the ride while an e-bass and an acoustic guitar are playing along. The acoustic guitar is being strummed. This song may be playing on a relaxed car ride.,acoustic drums; e-bass; acoustic guitar; medium tempo,medium tempo; amateur recording; acoustic drums; acoustic guitar; uptempo; e-bass
WqC-fx3uNVE,"The song is a techno dance song sung by a male singer and backup singer harmony. The song is medium tempo with a strong bass line, keyboard harmony and steady drumming rhythm with strong bass kicks. The song is passionate and has a strong dance groove. The song is a poor recording of a modern tech pop song played for a live audience.",poor audio quality; medium tempo,emotional; passionate; medium tempo; energetic; live performance; groovy; instrumental music; poor audio quality
ZsmfIMEzrQs,"The low quality recording features harmonizing mixed vocals singing over groovy bass, shimmering cymbals, soft snare hits, funky guitar melody and bright brass melody. The recording is very noisy, in mono, with some crackles in it and it sounds funky and addictive - thanks to those vocals. Sounds like something you would hear in clubs during the 60s and 70s.",low quality; groovy bass; noisy; mono,low quality; noisy; mono; groovy; uptempo; punchy kick; punchy snare; groovy bass; happy; shimmering hi hats
U0sjbOT6hY4,"The low quality recording features a didgeridoo melody played over wooden percussion and shimmering shaker. There are some crowd chattering noises in the background. It is reverberant, due to the fact that it was performed in a medium size room, uptempo and the recording is noisy.",uptempo; low quality; noisy,low quality; noisy
qsRPTMXFGsA,"A male Latin singer sings this passionate melody. The song is medium tempo with various Latin percussions, groovy bass line, keyboard harmony and a guitar playing lead. The song is romantic and a classic Latin dance groove. The song is a Latin dance hit with a deteriorating audio quality.",medium tempo; emotional; passionate; passionate,emotional; passionate; medium tempo; energetic; groovy; poor audio quality
R6V85er9VXc,This song contains drone sounds played by a string instrument and a synth. On top of that a panflute sound is playing a simple slow melody. A male voice is chanting a mantra in a deeper voice. This song may be playing in a meditation session.,slow tempo,medium tempo; amateur recording; slow tempo; uptempo
pELIBvAnbkY,"The low quality recording features a R&B song that consists of a passionate female vocal, alongside wide exhale sounds and wide repetitive female vocals, singing over claps, punchy kick, shimmering hi hats, synth lead melody and simple synth bass. It sounds energetic and exciting.",low quality; punchy kick; shimmering hi hats; energetic,low quality; energetic; groovy; punchy kick; punchy snare; groovy bass; shimmering hi hats
7PtHb9jQCtg,This is an amateur recording of a rock music concert. There is an electric guitar playing the main tune while another electric guitar is starting to play a solo. A bass guitar can be heard in the background playing the root notes of the tune. There is a loud acoustic drum beat in the rhythmic background. The recording is a bit outdated so the quality is pretty low.,amateur recording; live performance; electric guitar; bass guitar; acoustic drums,amateur recording; acoustic drums; bass guitar; electric guitar; acoustic guitar; male voice; male vocal
keIvA2wSPZc,"A male vocalist sings this soft country song. The tempo is slow with a gentle acoustic guitar and resonator rhythm, subtle keyboard, soft drumming, tambourine beats and soft auto harp strains. The vocals are mellow, gentle, sentimental, emotional, poignant, melancholic and nostalgic. This song is a Classic Country song.",slow tempo; acoustic guitar; emotional,emotional; medium tempo; slow tempo; acoustic guitar
qRgefptkDeo,This folk song features a clarinet playing the main melody. A trumpet plays a similar melody in harmony. This is accompanied by a tuba playing the bass notes. An acoustic guitar plays chords for this song. There are no voices in this song. This is an instrumental song. There is no percussion in this song. This song can be played at an Oktoberfest party.,instrumental; slow tempo,instrumental; slow tempo; acoustic guitar; piano; male voice; moderate tempo
-f1DNyngKVY,This is an instrumental sitar music piece. The sitar is being played at a medium-to-high range. There is a calming and relaxing atmosphere to this piece. This piece can be used in the background of a meditation video. It could also be played during a meditation session at a course.,instrumental,instrumental
QhF0CFyzzAc,The music features a male voice singing. The music is secondary and is being played in the background by a speaker and recorded with a camera/phone. Louder than the music is the crowd continuously screaming.,male voice,male voice; moderate tempo
fWfQxB2pVrc,This folk song features a harmonica playing the main melody. This is accompanied by an acoustic guitar strumming chords. There are no other instruments in this song. This is an instrumental song. There are no voices in this song. The mood of this song is upbeat and happy. This song can be played in a movie scene involving a highway drive.,acoustic guitar; instrumental; moderate tempo,instrumental; slow tempo; acoustic guitar; moderate tempo
5AdeNHlPnvs,"The low quality recording features a traditional song that consists of a passionate male vocal singing over breathy flute melody, shimmering tambourine, claps, wooden percussion and strings melody. It sounds passionate and emotional.",low quality; passionate; emotional,low quality; emotional; noisy; passionate; live performance
IpYw4nKPx5o,"This is an afrobeat music piece. The melody is being played by a vibrant orchestra of brass sections with a saxophone lead, a keyboard, an electric guitar and a bass guitar. In the rhythmic background, there is an afrobeat acoustic drum beat played with numerous percussion instruments. The atmosphere is playful. The piece could be used in the soundtrack of an action-filled movie or TV series. It could also be used in the soundtrack of an action video game.",electric guitar; bass guitar; acoustic drums,instrumental; energetic; acoustic drums; groovy; bass guitar; electric guitar; acoustic guitar; male vocal
3VTinB14Pmw,"The low quality recording features an ambient scraping synth lead playing. It sounds muddy, muffled, but also spacey and the recording is noisy and in mono.",noisy; mono; low quality,low quality; noisy; mono
mlpTCec4igo,"The low quality recording features a country song that contains harmonizing vocals singing over electric guitar solo melody, smooth bass guitar, acoustic rhythm guitar, snappy rimshots, shimmering hi hats and soft kick hits. It sounds soulful, emotional and passionate.",low quality; shimmering hi hats; emotional; passionate,low quality; emotional; noisy; passionate; energetic; mono; groovy; punchy kick; punchy snare; groovy bass; happy; shimmering hi hats
dw4YwJppiec,"This song has a cool vibe to it. The singer has a warm and suave tone to his voice and vocal delivery. This is an alternative rock song, with a slow tempo. It gives off a cool  and aloof vibe. There's reverb and echo on the singer's vocal.",live performance; slow tempo,slow tempo; acoustic guitar
tDVOUsG52Jw,"This music is a simple and pleasing instrumental. The tempo is medium fast with a cheerful accordion harmony. The music is minimalist,simple, cheerful, happy, fun, carefree, jolly and lighthearted.",instrumental,instrumental; medium tempo; fast tempo; happy
0u1sk49gAU0,"The low quality recording features a flat male vocal talking and playing a groovy accordion melody, before which a male and a female laugh. It sounds passionate and groovy.",low quality; noisy; mono; passionate; groovy,low quality; noisy; passionate; groovy; groovy bass
eW8se7t0s-U,"The low quality recording features a classical song that consists of arpeggiated, soft piano melody, wide sustained string melody and a tom hit at the very beginning of the recording. The song is slowly fading in, by which we can conclude that it is an intro section of the song. It sounds cinematic, emotional, soft, mellow and passionate.",low quality; emotional; passionate,low quality; noisy
bkzGHRpx5MM,This is an instrumental progressive rock piece. The only instrument being played in the piece is a clean sounding electric guitar. There is a gently played guitar solo that gives a mellow aura. The atmosphere is dreamy. This piece could be used in the soundtrack of a movie or a TV show at a dream/flashback sequence. It could be playing in the background at a rock bar.,instrumental; electric guitar,instrumental; acoustic drums; groovy; bass guitar; electric guitar; acoustic guitar; male vocal
M9MgZXkYRBs,"The low quality recording features a classical song that consists of harmonizing trombone melodies. It sounds emotional and passionate, while the recording is noisy.",low quality; noisy; emotional; passionate,low quality; emotional; noisy; passionate; live performance; mono
6yB6plsrjO0,"Music that promotes focus. The music is instrumental and the instruments are all electronic. Synthesized string harmonies, harp plucks and bell sounds blend over a driving bass. The music is tranquil, yet focused. Good for an IT training video.",instrumental,instrumental; medium tempo; fast tempo
vxIF3B4YqW8,This is an R&B/soul music piece. There is a female vocal singing at a high pitch joined by a male vocal singing at a medium pitch and a female choir backing. The beat has a repeating electric guitar tune. There is a groovy bass line. The rhythm is provided by an electronic drum beat. The atmosphere is emotional and grandiose. This piece could be playing in the background at a memorial event.,live performance; male vocal; electric guitar; bass guitar; groovy; emotional,energetic; acoustic drums; groovy; bass guitar; electric guitar; groovy bass; male vocal
eyY6f4iQDH4,This song features an electric guitar. A male voice is narrating about the major scale. The guitar plays a descending scale pattern from the high note in the scale to the low note. There are no other instruments in this song. There is no vocal melody in this song. This can be played for an instructional video on playing the guitar.,electric guitar; male voice,instrumental; slow tempo; bass guitar; electric guitar; piano; male voice; moderate tempo
NlUf1ppoSG4,"This music is instrumental , the tempo is slow with an electric guitar lead and a strong bass guitar accompaniment. The music is assertive and emphatic but sounds sad, melancholic,nostalgic, romantic , wistful and sentimental. This music is Blues Harmony.",instrumental; slow tempo; emotional; groovy,instrumental; medium tempo; slow tempo; fast tempo; acoustic guitar
bkYWnzw_5Bs,"The low quality recording features a cover of a R&B song that contains passionate female vocals, alongside background harmonizing female vocals, singing over punchy kick, claps, groovy bass, smooth keys and short strings chords. It sounds romantic, emotional and groovy.",punchy kick; groovy bass; emotional; groovy; low quality,low quality; emotional; noisy; passionate; energetic; groovy; punchy kick; punchy snare; groovy bass; happy; shimmering hi hats
6_zzu2KON6c,A male guitarist plays a cool guitar like on an electric guitar. The song is medium tempo with a guitar solo with heavy a[echoes played though a guitar amplifier and no other instrumentation. The song is bluesy and passionate. The song is a casual blue slick played on a guitar.,poor audio quality; emotional; passionate; instrumental music; passionate; medium tempo,emotional; passionate; medium tempo; energetic; groovy; acoustic guitar; instrumental music; poor audio quality
2f7NnTVQzR0,"The low quality recording features a cover of a pop song. It is sung by passionate female vocalists over pop instrumental playing in the background. It is noisy and it sounds roomy as it is probably recorded with a phone or a camera microphone, but it is also emotional, passionate and addictive.",low quality; noisy; emotional; passionate,low quality; emotional; noisy; passionate; live performance; mono
rmKh9uaikTU,"The low quality recording features a live performance of a rock song that consists of flat male vocal singing over a wide electric guitar melody, groovy keys chords, located in the right channel of the stereo image, smooth bass guitar, shimmering open hats and hi hats and punchy kick and snare hits. It sounds groovy, funky and easygoing - like something you could lightly dance to.",low quality; live performance; shimmering hi hats; punchy snare; punchy kick; groovy,low quality; noisy; passionate; energetic; live performance; mono; groovy; punchy kick; punchy snare; groovy bass; happy; shimmering hi hats
5xAzHL8Zlcs,This audio contains a male voice talking. Then a short section of an orchestra is playing with a brass section and a lot of percussive hits. It instantly changes to someone playing a long note on a horn in a higher key. This is an amateur recording and may be playing during a documentary.,amateur recording,amateur recording; slow tempo; uptempo
lR8am4rK7qQ,"Male and female singers sing this vocal harmony. The song is medium tempo with a groovy bass-line, keyboard accompaniment, guitar rhythm and a steady drumming rhythm with clapping percussions. The song is exciting and  groovy. The song is a classic pop hit cover with an average quality sound.",medium tempo; passionate,emotional; passionate; medium tempo; energetic; live performance; groovy; instrumental music; poor audio quality
ECP7EJka6N8,"This is a classical music piece played on the viola da gamba and the harpsichord. The performance is live, and the song has a refreshing, light and fun ""Spring"" feel to it.",live performance,instrumental; live performance; acoustic guitar; piano; happy
zwfo7wnXdjs,The song is an instrumental. The song is medium tempo with various traditional Arabian stringed instruments playing in harmony along with Arabic percussion instruments. The song is traditional and emotional. The song is an ancient folk song but in poor audio quality.,instrumental music; passionate; medium tempo; poor audio quality; emotional,emotional; passionate; medium tempo; energetic; live performance; groovy; instrumental music; poor audio quality
ywuR9AfpA_E,"The low quality recording features an aggressive, distorted car engine revving sound effect and layered sustained string and synth lead riser in the background. There are some wide crackling noises, which, besides a slight distortion of the actual sound, is making this sound lower in quality.",low quality,low quality; noisy
P90rFZQFqWk,"This song is a low quality live recording of a performance. This features a male voice singing the main melody. At the end of the song, other voices sing with the main voice in harmony. This is accompanied by an electric guitar plucking chords. The double bass plays the root notes of the chords. The percussion plays the cymbal, increasing volume slowly, giving it a swell feel. The mood of the song seems romantic.",male voice; moderate tempo,live performance; slow tempo; bass guitar; electric guitar; acoustic guitar; piano; male voice; moderate tempo; male vocal
hwp7wCKIXg4,The low quality recording features a reverberant groovy piano melody. It sounds like a cover and it is energetic.,low quality; energetic,low quality; noisy; energetic; groovy; groovy bass
oSoP9Is0UH4,"A male vocalist sings this melodious contemporary Christian song. The tempo is medium with punchy drumming, keyboard accompaniment ,vigorous violin harmony, steady bass line and synth arrangements. The song is peppy, appealing to the youth, melodious, mellow and sincere.",medium tempo; groovy,emotional; passionate; medium tempo; groovy; acoustic guitar; poor audio quality
1y1lEOGBcWM,"The low quality recording features a suspenseful piano melody played over mellow synth pad chords. It sounds intense, mystical, but also passionate, as something you would hear in movies.",low quality; passionate; emotional,low quality; emotional; noisy; passionate
UoSID1KzWuI,This song contains a composition played on an acoustic 12 string guitar strumming fast chords while another guitar is playing a fast paced melody in a higher key. The whole pattern repeats itself. This song may be playing in an Irish bar.,fast tempo,medium tempo; amateur recording; slow tempo; acoustic guitar; uptempo; e-bass
vjW8wmF5VWc,"The Hip Hop song features an echoing male vocal, alongside exciting background male vocals, singing over shimmering bells, echoing synth lead melody, punchy kick, snaps and short 808 bass. It sounds groovy and addictive - like something you would hear in clubs and on a radio.",punchy kick; groovy,low quality; energetic; groovy; punchy kick; punchy snare; groovy bass; happy; shimmering hi hats
hZfCziBaGTI,This music features a ukulele being played. Only one string is played for tuning. This clip can be used to tune the G string of the ukulele. There are no voices in this clip. There are no other instruments in this clip.,instrumental,instrumental; slow tempo; moderate tempo
RIpfb9LSFe8,"The rock music features a female voice singing a melody. The band that accompanies her consists of drums, bass guitar and electric guitar. The drums play a repetitive rhythm, the bass guitar also incorporates slides into its playing and the electric guitar plays a simple melody that's composed of repetitive notes.",bass guitar; electric guitar,groovy; bass guitar; electric guitar; piano; male voice; moderate tempo; male vocal
gFxLnprPgv4,The music features a melody being played in unison by a piano and a group of strings. At the same time these two also fill up the music space with harmony. A type of drum that resembles the taiko drum but I think is smaller in size can be heard in the background. In the background a synth pad provides soft harmony.,piano; instrumental,instrumental; bass guitar; piano; male voice
XwhAoMLNYWQ,"The music features a male voice singing a melody in the med-high register. The drummer plays a steady and repeating rhythm. The bass guitar, for the most part, plays two repeating notes every beat. A synth sound is playing a melody in the mid-high register. Listening to this song I get Christmas vibes.",male voice; bass guitar,bass guitar; electric guitar; piano; male voice; moderate tempo
kQw2NQ_eqyg,"A female singer sings this cool melody with backup singers in  vocal harmony. The song is medium tempo with a groovy bass line and  guitar rhythm, steady drums g rhythm and keyboard harmony. The song is catchy and has a dance groove. The song is a retro dance hit. The song has a poor audio quality issue.",passionate; poor audio quality,emotional; passionate; medium tempo; energetic; groovy; instrumental music; poor audio quality
PyVuHAskeUg,"The low quality recording features a cover of a rock song that consists of passionate electric guitar melody playing over playback. The playback features a groovy bass guitar, punchy snare and kick hits, shimmering cymbals and mellow synth key chords. It sounds groovy - thanks to the bass-drums relationship and passion - thanks to the electric guitar melody.",low quality; punchy snare; punchy kick; groovy; passionate,low quality; noisy; energetic; groovy; punchy kick; punchy snare; groovy bass; happy; shimmering hi hats
T7bG4kIEw-M,This is an amateur recording of an afrobeat piece playing in the background of a dance performance. The piece can be barely heard from the cheering sounds coming from the crowd. The piece has a clear afrobeat rhythm and it is used as an accompaniment for an African dance.,amateur recording; male vocal; bass guitar,instrumental; amateur recording
QlaW568SeDc,"This music is a celestial instrumental. The tempo is slow with a symphonic harmony of the Vibraphones. The music is soft, gentle, and mellifluous with an ethereal, delicate, exquisite, elegant and beautiful sound.",instrumental; slow tempo,instrumental; slow tempo
0PMFAO4TIU4,A digital drum is playing a simple beat along with some percussive sounds. A bass is playing the same melody as the accordion-like instrument. A male voice is shouting little phrases. This song may be playing a country having a traditional dance.,e-bass; medium tempo,medium tempo; amateur recording; acoustic drums; acoustic guitar; uptempo; e-bass
tZgww16UyU8,"The Hip Hop song features a flat male vocal rapping over arpeggiated piano melody, sustained high pitched violin melody, punchy snare and kick hits, simple hi hats, boomy bass and soft crash cymbal. It sounds heartfelt, emotional and sad.",punchy kick; punchy snare; emotional,low quality; emotional; energetic; punchy kick; punchy snare; groovy bass; happy; shimmering hi hats
2-K-7T8ZIWA,"This music is an instrumental of the Christmas Carol “You Better Watch Out’. The tempo is medium with the lead harmony on the theremin and piano accompaniment. The music is haunting, ethereal, lilting, mesmerising and captivating. This music is a Theremin Instrument.",instrumental,instrumental; medium tempo; slow tempo
KB79k456DhI,This is a pop-rap/dance-rap piece. There is a male vocal rapping joined by the occasional samples of other rappers. The electronic drums and the electronic percussion are providing the rhythmic background. There is a strong 808-style syncopated bass. The atmosphere has a groovy feeling to it. This song could be used in nightclubs and sports venues.,groovy,energetic; acoustic drums; groovy; bass guitar; electric guitar; groovy bass; male vocal
8XGXHDMIJw4,"The low quality recording features a processed vocoder male vocals singing over punchy ""4 on the floor"" kick pattern, shimmering hi hats, low percussions and tinny wooden percussions. It sounds weird, addictive and hypnotic.",low quality; mono; noisy; shimmering hi hats,low quality; noisy; energetic; groovy; punchy kick; punchy snare; groovy bass; shimmering hi hats
iP46w2o_HCk,This song contains acoustic drums playing a simple rhythm along with an e-bass. The same rhythmic pattern gets played by an acoustic guitar and e-guitar strumming chords. In the background female voices are happily screaming to the sound of waves. This song may be playing for an advertisement.,acoustic drums; acoustic guitar; uptempo,amateur recording; slow tempo; acoustic drums; acoustic guitar; uptempo; e-bass
OZv8mtQEgA0,This audio clip features programmed percussion playing a trap beat. Hi-hats are played at a very fast tempo. The kick drum plays continuously in eighth notes. The sound of racing cars is the main point of focus in this clip. There are no voices. There are no other instruments and no melody.,instrumental,instrumental; fast tempo; male voice; moderate tempo
m1ov6te6jK8,This song features a male voice singing the main melody. The instruments lend an Indian tonality to the song. The song starts with a flute solo backed by a tabla and a stringed instrument that sounds like a santoor. This is followed by a violin solo backed by the tabla as percussion. The bass plays the root notes of the chords. The male voice starts singing after the violin solo. This song has a gospel feel. The voice is mellow and carries emotion.,male voice; moderate tempo,slow tempo; piano; male voice; moderate tempo
b-Y-AjW6MJ0,"The low quality recording features a rock song that consists of a flat male vocal and flat female vocal talking, followed by punchy kick and snare hits, shimmering hi hats, energetic crash hits, wide electric guitar chords, groovy bass guitar and synth lead melody. It sounds energetic.",low quality; shimmering hi hats; punchy kick; punchy snare; energetic,low quality; energetic; groovy; punchy kick; punchy snare; groovy bass; shimmering hi hats
I2yA-F-_A2E,The low quality recording features a traditional song that consists of a distant woodwinds melody playing over wooden low percussion and strummed strings melody. It sounds soulful and passionate.,low quality; passionate,low quality; emotional; noisy; passionate
2cxvYC9QZac,"A male singer sings this passionate melody. The song is medium tempo with Latin percussion, guiro percussions, guitar rhythm, piano accompaniment and guitar rhythm. The song is romantic and spirited. The song is a Latin dance song with poor audio quality.",poor audio quality; emotional; passionate; medium tempo,emotional; passionate; medium tempo; live performance; groovy; poor audio quality
rs5ecH8Lh3s,This is an energetic rock music piece with a female vocalist singing in the Spanish language. The repeated theme is played by a strong electric bass guitar. There is a loud and simple rock drum beat in the background. A distorted electric guitar can also be heard holding a sustained note. All these components result in a rebellious atmosphere. This song could be used in rock bars.,bass guitar; electric guitar; energetic,energetic; acoustic drums; groovy; bass guitar; electric guitar; male vocal
78S8DnvLQDY,"This is an amateur recording of a live beatboxing performance. The beatbox is being performed initially slowly and then at a fast tempo. The recording is a bit dated, so the quality is quite low. The sounds from the setting of the recording such as the crowd cheering for the performer can be heard. Parts of this recording can be lifted as samples to be used in beat-making.",live performance; amateur recording; low quality,amateur recording; live performance
WZd2nT2Afds,"The low quality recording features a flat female vocal talking over loud bells, reverberant male vocal talking, water leaking sounds and choir singing. It sounds like a compilation of sounds. The recording is noisy and in mono.",noisy; mono; low quality,low quality; noisy; passionate; mono
0KCVgexi4yU,This song contains a female voice singing along to a digital drum playing a four on the floor beat with a kick on every beat and a hi hat on the backbeat. A digital bass and long digital pad sounds are creating an atmosphere. This song may be playing on a tv-show.,amateur recording,medium tempo; amateur recording; uptempo; e-bass
EfUUgsioXyU,"A male vocalist sings this peppy pop.The tempo is fast with synthesiser articulation, groovy bass lines, bright digital drumming , keyboard harmony and electronic arrangements. The song is spirited, enthusiastic, energetic, lively, vibrant and youthful with a dance groove. The song is an Electro Pop/Synth Pop.",fast tempo; groovy; energetic; groovy bass,passionate; energetic; live performance; fast tempo; groovy; poor audio quality; groovy bass
N-dzfI3L5ic,"The song is an instrumental. The song is medium tempo with a flute paging embody, various stringed instruments playing in harmony and no percussion. The song is passionate and emotional. The audio quality is average .",instrumental music; medium tempo; emotional,emotional; passionate; medium tempo; energetic; live performance; groovy; instrumental music; poor audio quality
LRUdmYcXFuM,Someone is playing an indian bansuri with reverb along with a shrutibox. A keyboard is playing a soft bell sounding melody on top along with some strings. This is an amateur recording. This music may be playing at a live concert.,slow tempo; amateur recording,medium tempo; amateur recording; slow tempo; acoustic guitar; uptempo; e-bass
gCSShNsw-_A,"The song is an instrumental. The tempo is medium fast with strong metal drumming, groovy bass line, distorted guitar playing rhythm and cymbals crashing. The song is high on adrenaline and exciting. The audio quality is poor.",instrumental music; poor audio quality; fast tempo; energetic; passionate,passionate; medium tempo; energetic; groovy; instrumental music; poor audio quality
An-4jPvUT14,"A male singer sings this hip hop song with backup singers in vocal harmony. The song is medium tempo with slick drumming rhythm, groovy bass line, and keyboard harmony. The song is story telling and emotional in nature. The song has poor audio quality with ambient noises like squeaking wheel tones.",medium tempo; emotional,emotional; passionate; medium tempo; energetic; groovy; poor audio quality
9UOPRQhNzQ8,"The low quality features a rock song that consists of a muffled passionate male vocal singing over wide acoustic rhythm guitars chords, shimmering cymbals, punchy kick and groovy bass. It sounds addictive, passionate and groovy - like something you would hear in pubs and bars during the 50s.",low quality; punchy kick; groovy bass; passionate; groovy,low quality; noisy; passionate; energetic; groovy; punchy kick; punchy snare; groovy bass; happy; shimmering hi hats
KFB1raoIhoU,A drum is playing a groove with a strong snare sound. An e-guitar is strumming short funky chords on the offbeat creating a reggae style rhythm. A male backing voice is shouting in the same offbeat. An e-bass is playing a soft funky bassline while a male voice sings in the mid range. A trumpet is adding a short melody on top spicing up the good vibes. This song may be playing in a car racing video-game.,e-bass; uptempo,medium tempo; acoustic drums; acoustic guitar; uptempo; piano; e-bass
4L9KyVVsQOc,The low quality recording features an echoing electric guitar playing rock solo melody. The recording is noisy and in mono. It sounds passionate.,low quality; noisy; mono; passionate,low quality; emotional; noisy; passionate; mono
NLQts9t7d8k,"The low quality recording features a wide harmonizing background vocals singing alongside passionate female lead vocal, over punchy snare hits, shimmering bells melody, simple hi hats, soft kick hits, simple bass and acoustic guitar melody. It sounds passionate, mellow and soft.",low quality; punchy snare; passionate,low quality; emotional; noisy; passionate; energetic; punchy kick; punchy snare; groovy bass; happy; shimmering hi hats
ZJZxWLYzNh8,This seems to be a life recording because you can hear people in the background cheering. An electric bass is playing a bluesy bassline along with the drums holding a simple steady groove. One guitar is panned to the right side of the speakers playing chords while another e-guitar is playing a melody on the left side of the speakers. Both are fairly in the background. A male mid ranged voice is singing with a little reverb on his voice. This song may be playing life at a festival.,e-bass; acoustic drums; medium tempo,acoustic drums; bass guitar; electric guitar; acoustic guitar; uptempo; piano; e-bass; male vocal
3PoC1-xd4Yw,This song features a synth playing the rhythm section using a piano tone. The shofar plays a tremulous note. There is no percussion in this song. The mood of this song is melancholic. There are no other instruments in this song. There is no voice in this song. This song can be used in a romantic movie.,slow tempo; instrumental,instrumental; slow tempo; piano; male voice; moderate tempo
i8bt6Mb0rUc,"The low quality recording features a huge orchestra playing drums alongside a tiny percussive element in the first half of the loop. In the second half, drums are played at half time. It sounds groovy, percussive, suspenseful and intense - like a background soundtrack for an action movie scene.",low quality; groovy,low quality; noisy; groovy; groovy bass
68XchGI6H-4,"A male vocalist sings this spirited Latin song. The tempo is fast with a syncopated piano harmony, spanish guitar accompaniment ,Congas and bongos percussion, pandeira beats , keyboard harmony and vocal backup. The music is a lively, energetic, enthusiastic, passionate, spirited and vital Latin Pop with a dance groove.",fast tempo; happy; energetic; passionate,instrumental; passionate; energetic; live performance; fast tempo; groovy; happy
T7ZSZhcsfjA,"A male vocalist sings this animated melody. The tempo is medium with loud vocals, incoherent lyrics and synthesised choral harmony followed by white noise.",medium tempo,emotional; passionate; medium tempo; acoustic guitar
4BIIFU_b6BY,An acoustic drum is playing a rock groove with a big emphasis on the ride and silent hits on the crash. Along with the drums a electric bass is playing a bluesy line and so does the guitar. Another e-guitar is strumming chords. The whole song sounds fast and may be playing at a local festival where people are dancing.,e-bass; acoustic drums; fast tempo,medium tempo; amateur recording; acoustic drums; fast tempo; acoustic guitar; uptempo; e-bass
TSl5LrM6LcQ,"This music is instrumental. The tempo is slow with a resonating electric guitar riff. The music is spooky, eerie, sinister, mysterious and suspenseful with a little white noise/static.",instrumental; electric guitar; slow tempo,instrumental; medium tempo; slow tempo; fast tempo
WO_Y7djT2k4,A drum is playing a groove and sounds like running through a low pass filter opening up. Synthesizer pads are playing a simple melody that gets repeated in the lower register with overtones. Panned to both sides of the speaker a simple melody is playing pulsating synth sounds. A   male voice is singing/streaming/rapping. The voice seems to be pitched down and processed with other effects. This song may be playing in a scary videogame.,medium tempo,medium tempo; amateur recording; slow tempo; acoustic drums; acoustic guitar; uptempo; e-bass
Xaq-segSEsQ,"A male vocalist sings this energetic Nigerian song. The tempo is fast and upbeat with keyboard harmony and Afro beats of conga, clave, drums and akuba. The music is upbeat, catchy, spirited, energetic, youthful and pulsating with a dance groove. This song is a Reggae song.",fast tempo; happy,passionate; energetic; fast tempo; groovy
tz2TlSMmTp4,A lot of high frequencies that are produced by an e-bass and two distorted electric guitars are running through amps that are sounding highly overdriven. The drums silently build up the atmosphere before all instruments are loudly breaking into the next part of the song. The drums with crash hits and the guitars and bass with one single low note while a male voice is screaming. This song may be playing at a festival.,acoustic drums; medium tempo,acoustic drums; fast tempo; acoustic guitar; uptempo; e-bass
2JNY2SaMk7s,"This reggae song features a male voice making an announcement in the beginning. A female voice sings a one-line melody. This is accompanied by the main male voice singing vocables in the background. Until this part, only a keyboard and guitar are playing a reggae rhythm. This is followed by the main male voice singing the main melody in a reggae style. This is accompanied by a kick driven percussion playing a simple beat. There are voices singing vocables in the background. The mood of this song is happy. This song can be played in a movie with a holiday theme.",moderate tempo,slow tempo; piano; male voice; moderate tempo
ABSLnckbB8w,This is an ambient house music piece. There is no singer in the music. There are various resonating synth sounds used with ambient sound effects. Electronic drum hits can be heard reverberating in the piece. The atmosphere is airy. The best use for this piece would be either as an advertisement jingle or as a background music for a tutorial/instructive video.,instrumental,instrumental
Hg4f2xt3oKA,Someone is splaying a series of bell sounds and a big gong hit that rings out for a long time. Wild percussive hits are being played for a moment. Then a traditional string instrument takes over playing a single long note with a bow and a lot of vibrato. This is an amateur recording and of poor audio-quality. This song may be playing in a traditional festival.,amateur recording,amateur recording; acoustic guitar; uptempo
2wZCoeq9Ppc,"The low quality recording features a harmonizing woodwinds melody playing. The recording is noisy, in mono and it sounds happy and fun.",low quality; noisy; mono; happy,low quality; noisy; passionate; mono; happy
HfBh3lZZi8Q,"This music is instrumental. The tempo is fast with a male vocalist, beat boxing rhythmically to the melody of a backup track. The audio quality is inferior but the music is upbeat, punchy, buoyant and youthful with a dance groove. This music is a Synth Pop/Electro Pop with beat boxing.",instrumental; energetic; fast tempo; groovy; poor audio quality,instrumental; energetic; fast tempo; groovy; poor audio quality
chwqnnaiYXw,"This is a classical music piece. The french horn is playing the main melody in a gentle manner. In the meantime, the piano is playing a backing tune. There is a serene atmosphere to this piece. This music could go well in the soundtrack of a still life TV series. It could also be playing in the background at a classy restaurant.",instrumental; piano,instrumental; slow tempo; piano
uHgpDP_4Lsc,"A female singer sings this beautiful wedding song for the bride. The song is a medium tempo with traditional Indian instruments like the tabla playing percussion and stringed instruments playing rhythm. The song is heartfelt and emotional. The song is a mehendi ceremony song or a bridal preparation song for her wedding,",medium tempo; passionate; emotional; live performance,emotional; passionate; medium tempo; live performance; groovy; acoustic guitar; poor audio quality
1WlvXneu6oY,"The song is instrumental music. The song is medium tempo with just a piano playing pensively and no other instrumentation. The song is emotional and poignant. The song is a western classical masterpiece, but with bad audio quality issues.",poor audio quality; poor audio quality; emotional; medium tempo; instrumental music,emotional; passionate; medium tempo; live performance; groovy; instrumental music; poor audio quality
g_bgmnJ1b_g,"The low quality recording features an acoustic guitar blues melody. The recording is very noisy, roomy and you can hear cars passing by in the background.",low quality; noisy,low quality; noisy; passionate; mono
1RhYdQnZ_hw,"This is an amateur vocal cover of a pop music piece. There is a teen female vocalist singing melodically. On the backing track, an acoustic guitar is heard playing the main theme while an acoustic sounding drum track is playing the rhythmic background. The atmosphere is melancholic.",acoustic guitar; emotional,amateur recording; acoustic drums; bass guitar; electric guitar; acoustic guitar; male vocal
25Ccp8usBtE,"The low quality recording features a harmonizing female vocal melody singing over a groovy piano melody. It sounds happy, joyful and fun, even though the recording is very noisy - to the point that the audio is distorted.",low quality; noisy; happy,low quality; noisy; passionate; mono; groovy; groovy bass; happy
0Ubu4BqSWmU,"A male vocalist sings this mellow rap. The tempo is medium with a groovy bass line, keyboard harmony , slick drumming and vocal backup. The song is youthful, story telling, passionate, impactful, compelling and engaging. This song is contemporary Hip-Hop/Rap.",slow tempo; passionate; emotional,emotional; passionate; medium tempo; energetic; fast tempo; groovy; poor audio quality
OFP5MYVDa4g,The punk-rock music features a male voice singing a static melody. An electric guitar with a distortion effect accompanies the singer with repetitive chords. The drums play a simple and repetitive rhythm.,male voice; electric guitar,bass guitar; electric guitar; piano; male voice; moderate tempo; male vocal
SDTsifbpGMM,"The low quality recording features a DJ manically scratching a hip hop song. It is a bit reverberant, noisy and in mono, as it was probably recorded with a poor quality microphone.",low quality; uptempo; noisy; mono,low quality; noisy; mono
Bx1HZVX4UxM,"The low quality recording features a metal song that consists of screaming male vocals over smooth bass guitar, shimmering cymbals and electric guitar feedback that creates a perfect transition for the section that has a muffled electric guitar riff located in the left channel of the stereo image. It sounds aggressive and energetic.",low quality; energetic,low quality; energetic; punchy kick; punchy snare
pHzjKCj9INw,This is an instrumental piece carrying the characteristics of Carnatic music. An acoustic guitar is being played sideways to reach the musical effect of a tambura. The piece could be used as a soundtrack in movies/shows that take place in India.,acoustic guitar; instrumental,instrumental; acoustic drums; electric guitar; acoustic guitar
6lPgzqrvHHw,"The low quality recording features a jazz orchestra live performance and it consists of synchronized brass melody played over energetic drums and groovy bass. The recording is vintage and therefore a bit noisy and in mono, but also passionate and upbeat. Sounds like something you would hear in old movies.",low quality; noisy; mono; live performance; groovy bass; passionate,low quality; noisy; passionate; energetic; live performance; mono; groovy; uptempo; groovy bass; happy; shimmering hi hats
nVSDv46ARvY,"The low quality recording features a live performance of a classical song that consists of an arpeggiated harp melody and breathy flute melody. It sounds soulful, emotional and passionate.",live performance; low quality; emotional; passionate,low quality; emotional; noisy; passionate; live performance; mono
exD5okdopWc,"The low quality recording features a folk song that consists of passionate male vocal singing over shimmering shakers, smooth bass, sustained strings melody and groovy piano melody. It sounds emotional, soulful and passionate - like something you would hear in movies.",low quality; noisy; mono; emotional; passionate,low quality; emotional; noisy; passionate; live performance; groovy; groovy bass; happy
Cd7JefC6-Zw,"This music is a youthful instrumental. The tempo is fast with a DJ using a turntable to manipulate sounds and music on a turntable using vinyl records. The music has a repetitive, catchy vocal riff , thumping beats and scratching sounds.",instrumental; fast tempo,instrumental; energetic; fast tempo; groovy
N8Fg3L1Cc5E,A female singer sings this beautiful melody. The tempo is medium with a piano or keyboard accompaniment and no other instrumentation. The song is emotional and passionate like a love song. The audio quality is very poor with a lot of hissing noise and distortion.,poor audio quality; live performance; emotional; passionate; passionate; medium tempo,emotional; passionate; medium tempo; live performance; groovy; poor audio quality
QfM5-WqvquQ,"A male singer sings this pensive melody. The tempo is slow with a Sarangi accompaniment . The instrumentation is minimal with vocal emphasis. The song uses classical Ragas and alaps to form a melody. The song is sad, pensive, regretful, pensive, melancholic, emotional, contemplative, wistful and meditative. This song is an Indian Classical.",slow tempo; emotional,emotional; passionate; medium tempo; slow tempo; acoustic guitar; poor audio quality
yIFP8fkq8GU,THis song contains a piano playing a major chord progression in the midrange with the left hand playing bass notes creating a simple bassline. An acoustic drum is playing a constant groove without any big changes. A male voice is singing in a higher register getting backing vocals from another male voice. In the background you can hear the crowd cheering. It mostly sounds like female voices. This song may be playing at a live concert.,piano; acoustic drums; uptempo,amateur recording; slow tempo; acoustic drums; acoustic guitar; uptempo; piano; e-bass
cGUhG5PZp0A,"This is an amateur recording of a vocal cover. There is a male vocalist singing out-of-tune over a pop music piece playing in the background while driving a car. In the backing track there is a female vocal. A strong bass could be heard. There are also strings barely audible from the poor acoustics of the setting. Overall, it is a recording of poor quality.",amateur recording; male vocal; bass guitar,amateur recording; acoustic drums; acoustic guitar; male voice; male vocal
CZWLPPO0KL4,"A female opera singer sings this high pitched lyrical melody. The song tempo is slow with a philharmonic orchestra accompaniment, with a string section harmony and pizzicato violin play. The song is extremely emotional and spirited. The song is a vintage opera hit.",live performance; slow tempo; emotional,emotional; passionate; medium tempo; live performance; slow tempo; instrumental music; poor audio quality
5QtjEBcZR6M,This is a very distorted tape recording of a gospel song. A choir with a male lead vocal can be heard singing passionately. The loud volume of electric guitar and the acoustic drums can be heard in the track. This track could be used in a nightmare sequence in the  soundtrack of a horror movie.,male vocal; electric guitar; acoustic drums,bass guitar; electric guitar; acoustic guitar; male vocal
F7JllgnefSI,"The low quality recording features a rock song that consists of throaty male vocal singing over widely spread arpeggiated electric guitar melody, smooth bass guitar, punchy snare, shimmering hi hats and soft kick hits. It sounds thin, distorted and messy, since the frequencies are clashing.",low quality; punchy snare; shimmering hi hats,low quality; noisy; energetic; groovy; punchy kick; punchy snare; groovy bass; happy; shimmering hi hats
CJjyrDGmxIY,This song contains acoustic drums playing a kick on every beat and playing the hi hat with 16th notes. An e-bass is playing a simple line along with an organ sound in the background. Percussions are adding rhythms that want to make you dance. An e-guitar is playing another melody while the male and female voices are singing together creating harmonies. This song may be playing at a beach bar.,acoustic drums; e-bass; uptempo,medium tempo; amateur recording; acoustic drums; acoustic guitar; uptempo; piano; e-bass
-FEPOSP7ay0,The low quality recording features loud bells and metallic squeaking sounds. The recording is mono and noisy.,low quality; mono; noisy,low quality; noisy; mono
FF0VaBxb27w,"A male vocalist sings this animated song. The tempo is medium with vocal emphasis, a bright ukelele harmony, groovy bass guitar, rhythmic acoustic guitar and piano accompaniment. The song is emphatic, passionate, jealous, emotional, sentimental and story telling. The song has an orchestral vibe.",passionate,emotional; passionate; medium tempo; live performance; groovy; acoustic guitar; poor audio quality
ypg2ItQIc2c,"This piece is an instrumental. The tempo is fast with hard hitting percussion, cymbals clanging, clapping, rhythmic chanting, and shakers. It is vigorous, spirited, vibrant, energetic,intense and engaging.",instrumental; energetic,instrumental; energetic; fast tempo; groovy
Qu76GhRO9Yk,This song contains a piano playing short rhythmic chords along with an acoustic guitar and an upright bass playing the same melody. A brass melody is opening the scene. sound  A male voice is singing in a higher register. This song may be playing while celebrating with the whole family on a national holiday.,acoustic guitar; piano; acoustic drums; uptempo,amateur recording; slow tempo; acoustic drums; acoustic guitar; uptempo; piano; e-bass
IyJ3a5uuCOs,"An accordion is playing short notes on the offbeat along with soft snare hits being played with brushes. A bass is playing straight, changing the note on every beat. Another accordion is answering the yodeling male voice with a short melody. The male voice is loud, clear and sings a melody in the higher register. A guitar-like instrument is strumming chords in the higher register. The instruments are panned to the left and right side of the speakers. This song may be playing at a concert in the countryside.",acoustic drums; male voice; fast tempo,medium tempo; amateur recording; acoustic drums; acoustic guitar; uptempo; piano; e-bass
GWcMqKYOJR4,"This clip features a drum solo being played. The first beat in the clip is played by striking the hi-hat and kick twice and then the snare once. This pattern is repeated three times followed by a roll. The snare is played four times followed by the toms. This pattern is played twice. This is followed by a pattern where the snare and toms are struck in a sequence of four strokes, five strokes and six strokes all fitting within the counts of the bar. This song is a demo of the percussion instrument being used.",instrumental,instrumental; male voice; moderate tempo
uuHTPvG-BYI,This audio sample features tribal music played using only percussion and voices. There are no other instruments. The percussion is played by hand and has a tribal feel. The female voices sing in a foreign language. There are fills sung by male voices in harmony. The feel of the song is one of celebration. The tempo of the song is moderate. This is an amateur recording.,amateur recording; moderate tempo,instrumental; slow tempo; male voice; moderate tempo
5dG1oPahyto,"The Jazz song features a passionate saxophone melody, followed by an arpeggiated string melody and wide synth pad chords. It sounds passionate, mellow, soft, relaxing and easygoing.",passionate,low quality; emotional; passionate
DE6bdmnmPtg,"A male vocalist sings this energetic funk pop. The audio  quality is inferior and the song is not clear.The tempo is. Fast with animated trumpets, with a boomy trombone, infectious drumming, keyboard harmony, groovy bass lines, rhythmic electric and acoustic guitar and melodious choral backup. The song is melodic, enthusiastic, energetic, animated and captivating Retro Funk/Pop.",fast tempo,passionate; medium tempo; energetic; live performance; fast tempo; groovy; poor audio quality; groovy bass
GFJNgqcX7u0,This is an instrumental electric guitar jam meant to showcase an echo delay pedal. The guitar using the pedal is merely strumming the chords while there is another electric guitar in the background playing the melody. There is also a bass guitar playing a simple bass line. In the rhythmic background there is a chill rock beat played by the acoustic drums. There is a calm and chill atmosphere in this piece. It could be used as the loading screen music in a video game.,instrumental; electric guitar; bass guitar; acoustic drums,instrumental; acoustic drums; groovy; bass guitar; electric guitar; acoustic guitar; male voice; male vocal
KEp2NhraIZI,This is a classical music piece. There is a wide range of strings in the orchestra playing a lively melody while a horn is in the lead. The atmosphere is lighthearted. This piece could be used in the soundtrack of a documentary where there are natural movements happening in the scene.,instrumental,instrumental; piano
WJIrkvEq4EI,"The low quality recording features wide scratching effects of an uptempo hip hop song that contains repetitive male vocal, wooden percussive elements, siren sound effect and energetic drums. It sounds energetic, muffled and a bit harsh due to loud scratchings.",low quality; uptempo,low quality; energetic; punchy kick; punchy snare; shimmering hi hats
Guu30szkA-0,"This is a drum & bass music piece. There is a female vocal sample that is being played repetitively. The main theme is being played by a keyboard while there is a strong bass in the background. The rhythmic background consists of a very fast tempo electronic drum beat. The atmosphere is modern. This piece could be played at nightclubs, at drum & bass events and in DJ sets. It could also work well in the soundtrack of a futuristic movie or a car racing video game.",groovy,instrumental; energetic; acoustic drums; fast tempo; groovy; bass guitar; male vocal
qI-Ji4gtBPM,"The low quality recording features an electro song that contains soft male vocal singing over punchy ""4 on the floor"" kick pattern, shimmering hi hats and open hats, claps, groovy acid synth bass and mellow synth pad chords. It sounds energetic, groovy and hypnotic.",low quality; shimmering hi hats; energetic; groovy,low quality; energetic; groovy; punchy kick; punchy snare; groovy bass; shimmering hi hats
UEOUXjX5R2I,"The low quality recording features an electro song that consists of repetitive, high pitched female vocals, alongside exciting male vocals, over groovy bass, punchy kick, energetic snare hits and repetitive synth lead melody. It sounds groovy, energetic, aggressive and hypnotic - due to the repetitiveness.",low quality; groovy bass; punchy kick; groovy; energetic,low quality; noisy; energetic; groovy; punchy kick; punchy snare; groovy bass; shimmering hi hats
qAr3mFkEvco,"The low quality recording features a pop song that contains repetitive, excited male vocals talking over energetic beats, filter mod synth chords, repetitive cowbell and high pitched synth bells melody. It sounds chaotic, fun and happy - like a parody song.",low quality; happy,low quality; punchy snare; groovy bass; happy
Sp1YBy4h9OY,This song contains bells playing a melody sounding like a lullaby. In the background you can hear people talking. This song may be playing near a church during holidays.,amateur recording; slow tempo,medium tempo; amateur recording; slow tempo; uptempo
5bsUYmXIgMA,"The low quality recording features a traditional song that consists of wooden percussive elements and addictive strings melody playing together. It sounds haunting, suspenseful and intense.",low quality,low quality; emotional; noisy; passionate
agK1OkzW5Yg,This meditation song features a guzheng playing the main melody. A kind of zither plays arpeggiated chords in the background. Chimes are played in between lines. This song has a Chinese melody. This song is relaxing. There are no voices in this song. This song can be played in a meditation center.,slow tempo,instrumental; slow tempo; moderate tempo
jjNxc9Zf9s8,"This music is instrumental. The tempo is slow with an electric guitar harmony. It is mellow, sad, sentimental,sombre, poignant and emotional. This music is a movie theme melody.",instrumental; slow tempo; emotional,instrumental; emotional; medium tempo; slow tempo; acoustic guitar
nYO8n62Piys,This is an acapella version of a swing jazz music piece that was performed with various layers of a vocal synth software called vocaloid. Three different harmonies can be heard from this vocal synth. There is a bass guitar playing a walking bass line in the background. The rhythmic background consists of finger clicks and a swing jazz beat performed with brushes on a snare drum. The atmosphere is cheerful but eerie. This piece could be used in the soundtrack of an arcade/analog type video game. It could also work well in the soundtrack of an anime.,bass guitar,instrumental; acoustic drums; groovy; bass guitar; electric guitar; acoustic guitar; piano; male vocal
7LlKoQAvXUc,"A female singer sings this beautiful melody with vocal harmony. The song is medium tempo with a piano accompaniment, steady drumming rhythm, strong bass drum kicks and a steady bass line. The song is melancholic and emotional. The song is a modern Christmas carol.",medium tempo; emotional,emotional; passionate; medium tempo; live performance; groovy; poor audio quality
BZyf8LPltYs,"This is a drum & bass music piece. There is a very fast-tempo, high energy electronic drum beat in the rhythmic background. There is a strong and fuzzy bass sound playing a loud bass line while a synth can be heard adding texture. The piece is upbeat and has an aggressive atmosphere. This music is perfect for nightclubs and DJ sets. It could also work well in the soundtrack of a car racing video game.",groovy; energetic,instrumental; energetic; fast tempo; groovy
dbftWJH0OvA,"This music is instrumental. The tempo is slow and steady with a droning monotone , crystal bowl harmony. The sound is sharp, repetitive, incessant, relaxing, trance, therapeutic , hypnotic vibrations used in meditation or sound healing/therapy.",instrumental,instrumental; medium tempo; amateur recording; slow tempo
HHTgjmgTV6c,"The low quality recording features a house song that contains echoing male vocal singing over shimmering hi hats, bouncy claps, ""4 on the floor"" kick pattern and repetitive synth lead melody. It sounds energetic and groovy.",low quality; shimmering hi hats; energetic; groovy,low quality; noisy; energetic; groovy; punchy kick; punchy snare; groovy bass; shimmering hi hats
hHb0Eq1I7Fk,This is a synth-pop piece played in the background of a skateboarding video. There is a male vocalist singing in an emotionally distant manner. There is a keyboard and an electric guitar playing the melody with the bass guitar playing a repetitive bass line in the background. The acoustic drums are playing a simple beat. Skateboarding sounds from the video can be heard very clearly. The recording has an urban atmosphere.,male vocal; electric guitar; bass guitar; acoustic drums,acoustic drums; groovy; bass guitar; electric guitar; acoustic guitar; piano; male voice; male vocal
DV5mynb77JM,Here we have a guitarist playing an intricate rock motif on the electric guitar. We hear some rapid plucking of a melody that sounds dark and mysterious. This is a live recording.,electric guitar,live performance
IIK0EuHyb6w,"The low quality recording features a wide arpeggiated electric guitar melody. It sounds clean, passionate and the recording is a bit noisy.",low quality; noisy; passionate,low quality; emotional; noisy; passionate; mono
pHC25Ia8Dxo,"A male rock singer sings this climatic solo with a long sustained note. The tempo is medium with strong rock drumming, guitar rhythm; guitar lead and a percussive bass line. The song is hard rock with a lot of spirit and excitement. The audio quality is bad with a lot of ambient crowd noises.",live performance; passionate,emotional; passionate; medium tempo; energetic; live performance; fast tempo; groovy; poor audio quality
E4a3s8NRqUM,"This music is instrumental. The tempo is fast with a rapid electronic harmony and vigorous digital drum rhythm in the background with turntable arrangement. The harmony is syncopated, repetitive, insistent, psychedelic, trance, trippy and groovy. It is energetic, youthful, contemporary, groovy, vigorous and animated.",instrumental; fast tempo; energetic,instrumental; energetic; fast tempo; groovy
4l441DdEJfU,"The low quality recording features fruity male vocals, alongside background crowd noise, talking, after which a trap song, that consists of passionate male vocal and addictive synth brass lead melody, starts playing. It sounds exciting and passionate.",low quality; passionate,low quality; emotional; noisy; passionate
p2yedR_jMTU,Someone is playing a melody on an electric organ in a minor key. An acoustic drum is playing a simple groove with single hits on the ride. An e-bass is playing the root note of the melody accompanied by a clean e-guitar sound fingerpicking the chords. Then a deeper male voice starts singing. This song may be playing in a sad romantic movie scene.,amateur recording; acoustic drums; e-bass,medium tempo; amateur recording; acoustic drums; acoustic guitar; uptempo; piano; e-bass
8LYWfpPUokc,"The low quality recording features a snare roll played over metronome beep. It sounds energetic and exciting, even though the recording is in mono and a bit noisy.",low quality; uptempo; energetic; noisy; mono,low quality; noisy; passionate; energetic; mono; punchy kick; punchy snare; groovy bass; shimmering hi hats
24cmo2fEQo8,"The low quality recording features an echoing tom, snappy rimshots and echoing, repetitive arpeggiated harp melody playing, after which there is a punchy kick hit. It sounds groovy.",low quality; groovy,low quality; noisy; groovy; groovy bass
KhXcEu7r6m8,This song is an instrumental. The tempo is medium fast with dissonant rhythm on the drum machine with no vocals. This song is a pop instrumental with drums.,instrumental,instrumental; medium tempo; energetic; fast tempo; groovy; electric guitar; instrumental music; poor audio quality
r1W1z_31Obw,"This is an electronic dance/house music piece. There are female vocals singing melodically. The melody is being played by the keyboard with the electric guitar samples in the background. The rhythm consists of an electronic drum beat and electronic percussive elements. The atmosphere is danceable and energetic. This piece could be used in the soundtrack of a romantic comedy movie, especially during the scenes where a character is hesitating to open up to their crush.",electric guitar; energetic,energetic; acoustic drums; groovy; bass guitar; electric guitar; male vocal
RneRJ5ZnHlE,"This is a salsa song with an upbeat and vibrant energy. It contains typical salsa instruments like the conga, the trumpet, and the piano. The percussion is upbeat and involves bongos and congas, and the singer is lively.",piano,instrumental; fast tempo
CHufyCHSF1U,"The low quality recording features an uptempo country song sung by passionate male vocalists, followed by acoustic rhythm guitar and electric guitar melody. It sounds really bad and imbalanced, as the left channel is louder than the right.",low quality; uptempo,low quality; noisy; passionate
01PzcPKT3_E,"The Jazz song features a saxophone solo melody played over shimmering shakers, tinny metallic percussions and mellow sustained brass melody. It sounds passionate, emotional and soulful.",passionate; emotional,low quality; emotional; passionate
6nWWTNVRDjw,"A male vocalist sings this upbeat Arabic pop. The tempo is fast and enthusiastic with intense bass lines, keyboard arrangement , vigorous drumming, violin symphony, oud accompaniment with vocal backup and sound of clapping and tambourine beats. The song is energetic, vivacious, enthusiastic, engaging and compelling with a high energy dance vibe. This song is contemporary Pop.",fast tempo; energetic; electric guitar,passionate; energetic; live performance; fast tempo; groovy
r_KdRKquXsM,This audio contains a composition played by brass instruments such as trumpets playing a melody in the higher range along with a deeper horn and a bass horn. This song may be playing at a theater presenting this composition.,slow tempo,medium tempo; amateur recording; slow tempo; uptempo
-hYRFCQdbLg,"The Low quality recording features an upbeat instrumental playing in the background on some kind of speaker, while a loud marimba melody is played over it. It kind of sounds off beat, also the sound is mostly located in the left channel of the stereo image, which makes the recording imbalanced and low in quality.",noisy; low quality,low quality; noisy
C0sSgrr5xrQ,"A male singer sings this cool retro melody with duck quacking sounds. The song is medium tempo with a steady drumming rhythm with various funny percussion hits, accordion accompaniment and a groovy bass line. The song is inspiring and nostalgic. The song has an average audio quality.",medium tempo,emotional; passionate; medium tempo; energetic; live performance; groovy; poor audio quality
4Psj5jYa7a4,Someone is playing a didgeridoo using circular breathing to continue airflow. A percussive stick sound can be heard and in the background you can hear waves of water. This song may be playing at the beach practicing didgeridoo by yourself.,fast tempo; amateur recording,medium tempo; amateur recording; slow tempo; acoustic guitar; uptempo
6KXd7l5pThg,This audio contains someone playing a didgeridoo using circular breathing for a continuous sound. This is an amateur recording. In the background you can hear birds chirping. This song may be playing live during a traditional performance.,amateur recording,medium tempo; amateur recording; slow tempo; acoustic guitar; uptempo
6elnFyuUnaU,This audio contains someone playing a melody on a horn with reverb on it. This song may be playing as a solo in an orchestra performance.,medium tempo,medium tempo; amateur recording; slow tempo; acoustic guitar; uptempo
qsFfUzErXqw,"The song is instrumental. The tempo is medium with sitars and other stringed instruments playing in unison, tabla percussions and a harmonium playing the lead. The song is a classic hindustaani instrumental.",instrumental music; passionate; medium tempo,emotional; passionate; medium tempo; energetic; groovy; instrumental music; poor audio quality
KCytKo5LzCc,"The low quality recording features a cover of a children's song and it consists of an emotional girl vocal singing over acoustic rhythm guitar located in the right channel of the stereo image, which makes the stereo image unbalanced. The recording is a bit noisy and It sounds fun, happy, emotional and innocent.",low quality; noisy; happy; emotional,low quality; emotional; noisy; passionate; live performance; mono; happy
30tNWUyJCog,This reggae song features a male voice singing the main melody. The vocal melody is repetitive. This is accompanied by programmed percussion playing a reggae beat. Hand claps are played at regular intervals. The bass plays a groovy bassline. A saxophone plays fills in between lines. This song has a reggae feel. This song can be played in a Caribbean style party.,male voice; slow tempo,piano; male voice; moderate tempo
1ILLsA6gqHE,Someone is playing various singing bowls. From low sounding ones to high sounding ones creating a melody. This song may be playing in a meditation session.,amateur recording; slow tempo,medium tempo; amateur recording; slow tempo; uptempo
Aro-HcWNsHI,"The low quality recording features an acoustic rhythm guitar playing over a pop song played on playback in the background. It sounds joyful and happy, while the recording is in mono and noisy.",low quality; noisy; mono; happy,low quality; noisy; passionate; mono; happy
v9TTtjEngjY,"The music track is that of a band marching in the streets. The tempo is medium with a Band march, playing percussion in a steady rhythm accompanied  by flutes playing in unison. The song has bad audio quality with ambient noises of people talking and other street noises.",instrumental music; poor audio quality,emotional; passionate; medium tempo; energetic; groovy; instrumental music; poor audio quality
JNW76fDWkA0,The song is an instrumental. The song is medium tempo with an improvised percussion instrument playing steady rhythm and rattling sounds. The song has a very basic percussion rhythm. The audio quality is poor.,poor audio quality; groovy; instrumental music; medium tempo,emotional; passionate; medium tempo; energetic; groovy; instrumental music; poor audio quality
FRZzUh9hcTo,"A male vocalist sings this quirky Rock melody. The tempo is medium fast with groovy electric guitar harmony, funky, intense bass lines, infectious drumming, keyboard accompaniment and vocal backup. The song is catchy, rhythmic, emotional, incessant, sentimental, melancholic, lonely, romantic , unconventional, quirky and upbeat. This song is classic rock.",passionate; emotional,emotional; passionate; medium tempo; energetic; fast tempo; groovy; poor audio quality; groovy bass
TZlFTbvfKPE,This is the live performance of a blues rock piece. There is an electric guitar playing the melody with a bass guitar playing in the background. The acoustic drums are playing a rock beat. There is a groovy atmosphere to this piece. It could be playing in the background of a rock bar.,live performance; electric guitar; bass guitar; acoustic drums; groovy,energetic; live performance; acoustic drums; groovy; bass guitar; electric guitar; acoustic guitar; male vocal
-6HBGg1cAI0,This middle eastern folk song features a male voice. This is accompanied by a string instrument called the oud playing the melody in between lines. A variety of middle-eastern percussion instruments are played in the background. A tambourine is played on every count. A darbuka plays a simple beat. This folk song can be played in a movie scene set in a Moroccan market.,male voice; moderate tempo,instrumental; slow tempo; piano; male voice; moderate tempo
I5CBPhpimtg,Someone is playing a big djembe along to a fast paced melody in a higher register played on a bagpipe. This song may be playing during a traditional holiday in Ireland.,uptempo,medium tempo; amateur recording; slow tempo; acoustic guitar; uptempo
Wh_g-Eiw9Kc,"A very young sounding kid's voice is singing along to a backing track containing acoustic drums, e-bass and a quirky sounding flute sound playing a melody to which the kid is singing along. This is an amateur recording and of poor sound-quality. This song may be playing for a talent show.",amateur recording; acoustic drums; e-bass; uptempo,medium tempo; amateur recording; acoustic drums; acoustic guitar; uptempo; e-bass
TArWNq2retM,"This clip features an organ being played in an operatic style. The sound is haunting and emotional. It's played live in a room, and the quality of the audio in the recording is poor. We hear the acoustics of the room which heavily echo.",poor audio quality,emotional; live performance; poor audio quality
c9JyKnsegog,This song features the sound of a music box. It sounds like a melody of bells playing in compound time. There are no voices in this song. There are no other instruments. The song has a dreamy feel. This song can be used in a dream sequence in a movie.,slow tempo,instrumental; slow tempo; moderate tempo
yreWOyWr6Uk,Someone is playing a snare with brushes along to zitars playing a repeating melody. In the background you can hear an e-bass and an acoustic guitar strumming chords. This song may be playing in a live concert.,acoustic drums; e-bass; amateur recording; medium tempo,medium tempo; amateur recording; slow tempo; acoustic drums; acoustic guitar; uptempo; e-bass
Vu7ZUUl4VPc,This is a gear showcase jam recording. The only instrument being played is a clean sounding electric guitar. There is a chorus effect being applied on the guitar while it is playing mellow tunes. The atmosphere is relaxing and trippy. This track could be used in nostalgic/yearning sequences in movies and TV shows. Parts of it could also work well as an advertisement jingle. Samples from this recording could be used in beat-making.,instrumental; electric guitar,instrumental; groovy; electric guitar
ar4YQ_DOcyk,"A female vocalist sings this cheerful song. The tempo is fast with a peppy keyboard harmony, simple, march like drumming, steady bass line, acoustic guitar and bells chiming. The song is a foreign language but from the sound and vibe of it, it seems like a fun, happy, joyful, cheerful, warm hearted and popular folk song.",fast tempo; energetic; happy,fast tempo; acoustic guitar; happy
